id,category
0,0.24460761190565103
1,0.21639186933945537
2,0.31510916026860575
3,0.23574780345744367
4,0.21499557138275452
5,0.16996473571393209
6,0.3483424904478907
7,0.31168196896037254
8,0.35707623969107105
9,0.1815290306573313
10,0.22226164858451006
11,0.3607533616752947
12,0.22783074474256604
13,0.19526378131188554
14,0.6217022817623974
15,0.21287451438374977
16,0.240072928415698
17,0.3303222825327082
18,0.1924669285379291
19,0.22736941908276978
